Liquidez_Corrente,Margem_Lucro_Liquido,Fluxo_Caixa_Operacional,Divida_Total_Receita,Taxa_Retencao_Clientes,Status_Falencia
1.4363502971184063,31.889702841184707,-371.6767790345084,1.6053371768950324,63.0852841867953,1
2.87678576602479,22.165781980647225,8547.523684458954,1.48962744512622,62.348939953599995,0
2.3299848545285125,8.571656977179664,16823.645896910206,0.1743619908386635,95.31272902605184,0
1.9966462104925915,38.827701182416924,13305.622160239029,1.0896187001158535,62.477309992475305,0
0.8900466011060912,31.083870353232754,15164.028696536243,1.2025672944789856,63.59748630643155,1
0.8899863008405067,-0.242983639306523,11469.584167767935,1.2565860646010114,87.96991312089818,1
0.6452090304204987,44.655631069630545,12306.914112946313,1.7824998707592636,72.486992122527,1
2.665440364437338,39.35223457539014,16229.891289132982,1.6474473855079477,88.83552784775907,0
2.002787529358022,46.98799479751544,1241.7002214796485,1.8629247691009894,53.26830787821926,1
2.2701814444901136,33.543170503301596,7235.624091078513,2.318161458472172,74.37855968366921,1
0.5514612357395061,26.80491175614739,530.2360454900554,2.4576586422766713,51.680680009164135,1
2.9247746304049858,15.094582177437132,19691.700199916177,2.182556921056834,53.13266017276773,1
2.5811066020010545,45.963709001240794,18601.48349216533,2.8710187182693105,95.32187266722055,1
1.0308477766956905,41.9638333700245,-4014.3297157873526,0.15287448976144874,56.96226855587976,1
0.9545624180177515,-7.286879793628636,12639.379312892212,0.6677561584822836,76.62103411376086,1
0.9585112746335845,-8.41798153016488,18131.207935391645,0.12193233743661215,70.55478013003533,1
1.2606056073988443,12.587802012682975,-485.61637181666174,1.9776766710483487,67.36716631294213,1
1.8118910790805947,38.633199846909974,9198.630763815736,2.704288591954962,94.99166728436361,1
1.5798625466052894,49.23656775889667,17887.207439701047,0.8060986600712678,51.091169838774476,1
1.2280728504951048,-0.974986533788309,-4151.350535355029,2.7884001799092895,83.18948430877946,1
2.0296322368059485,25.64784292112811,12435.506681170998,0.27477543183972647,98.16972171067752,0
0.8487346516301046,12.853451397861292,2433.725184313769,2.8098644777359914,78.0084091730921,1
1.2303616213380453,48.19486386887619,18109.90488441326,1.1197057929949399,96.84112310165459,0
1.4159046082342293,40.52713538814252,19276.456129134192,0.39412040250272784,52.612893964301186,1
1.64017496054259,40.29972228266827,18606.662227835848,1.5090281016403444,70.93966595370807,0
2.462939903482534,18.121589587698217,6855.355416436594,0.844652046389473,63.007889548102554,0
0.9991844553958993,14.88917014025991,16551.066274732835,0.9261314156895761,86.54104824903649,1
1.785586096034029,6.404424315842373,16113.734963376759,0.991140898286231,99.06485452486234,0
1.9810364221551062,-6.617470200944373,2977.5118310813905,2.428775103714724,62.82650312221239,1
0.6161260317999944,41.883342575303196,15722.886853766933,1.663567702358238,82.70873007370372,1
2.018862129753596,38.77406054780465,-4074.8091321126844,1.0027923275524107,59.904881637987,1
0.9263103092182288,49.98306039716783,9906.746962051326,1.8699679716016633,78.2665127285805,1
0.6626289824631988,49.79821022443432,750.2209321925766,2.1768369552472615,73.19662433441681,1
2.8722138431333333,23.325902336157647,-1985.82785556803,0.8906096021272478,98.60026648157685,1
2.9140800826863984,36.13924491083063,-3076.1699592697714,1.2992923944235195,80.42636363482333,1
2.5209933702911527,46.68594379294568,12407.219396953493,0.45346967067714794,67.47531860434094,0
1.2615344229334267,40.97884344064469,3496.874094201654,0.6253331136505729,55.704789244396665,1
0.7441802850159597,4.84088610459186,13119.169288219036,2.07524177649845,57.56234143674673,1
2.210582566280392,17.03264811860561,-3366.091480026441,0.6261712083173181,61.26584649756175,1
1.6003812343490034,-2.250435090910301,2882.2584457652583,1.6229738126344746,62.5483330670149,1
0.8050955871119471,47.24306163552334,8487.28230938343,2.156234158995055,92.5308028920569,1
1.7379422752781755,26.3704780670528,14768.07912097409,0.40994307697475707,78.06113941412625,0
0.585971302788046,3.718568330207763,2968.8125733017478,1.7452054369238204,76.16954556871832,1
2.7733010051969553,30.302041064351407,10647.284410925227,0.8440320727339549,55.73844359346087,1
1.1469499540000423,27.08769442747375,17149.44370590468,2.8924879381889816,93.00698466747176,1
2.156305710884955,11.48976308197043,10396.579704557615,1.5022823754877817,86.14071516042418,0
1.2792776902235274,-3.1865444680222588,823.9868688408442,2.4373783943479586,53.38341809500008,1
1.800170052944527,30.294391735567977,-4389.980461086549,1.6956569722531591,85.39175486148844,1
1.8667756983581991,21.218462054227597,16752.471847523248,0.22589634527897556,77.1769108671323,0
0.9621361388138177,36.33910350413836,-4468.2647287403215,1.9361389892226648,54.08626728733891,1
2.9239615694113965,21.209810066719605,16867.541817104986,2.8590696923993053,72.91503207643282,1
2.4378320584027864,41.13089001911241,8223.4283506803,1.8446742784243604,74.23481435650234,0
2.848747353910473,23.114410326469134,18476.692462822404,2.4756476923376916,58.28872700816379,1
2.737068376069122,23.656278292123176,14969.580894341634,2.6641987437103825,97.28490735001412,1
1.9947499470277128,42.5992161595007,19948.352763333438,0.7614313386519042,92.4987685740331,0
2.804685587557792,14.208971972743822,3767.7953862927534,0.7149300357338573,83.45111686645541,0
0.7212312551297988,-1.9590862929615565,14179.707223278172,1.871844867667876,73.11477805003037,1
0.989957156047863,-8.273039421199663,5048.272840231053,1.2919825624394436,70.58827707922542,1
0.6130682222763452,35.30823534041714,6996.890507597722,2.535597778313489,82.5486733575477,1
1.313325826908161,27.21857308120788,10687.636580459251,2.7100670578542325,77.27159347034527,1
1.471693224223705,32.244786085953415,16841.92785465847,1.1249219999778826,53.11365529409428,1
1.1783725794347397,2.7778496905346444,19602.086729982377,0.7869246210259979,75.62513243851659,0
2.5718437728798236,-1.8177114647938133,14206.835346612956,2.3635239942071995,90.32018086164197,1
1.3918833167339733,-9.127320059927085,5444.169554183343,0.8969375030895946,72.96199387984791,1
1.2023362742184518,11.03525352839582,5533.925056926755,2.4855815236896674,52.59782887771342,1
1.8567402078956212,25.395061211277984,13439.557539722286,1.3288409355814124,89.31390996920166,0
0.8523105624369066,13.534642705983938,969.4286442075581,2.035894707945264,60.06818910679872,1
2.5054924518850994,16.248495321423743,-2238.1471717151335,0.3770524101205377,62.93104174440194,1
0.686376609199427,44.249521669624905,3865.553941019414,1.9091920415620618,58.235317671614794,1
2.9672173415012932,10.895328021398022,2180.974791352043,1.4101262683379645,66.51075324357488,0
2.4306119232416434,20.839369349588647,2407.7030113997525,1.801164543208875,87.83757528443175,0
0.996789203835431,37.01918076446859,840.1937762477482,0.5872412024601039,75.96929297519686,1
0.513805292809006,13.79256693927621,-3947.6702590909526,2.2369338603381284,60.24406370753563,1
2.5386535711370852,27.32520201367241,-4553.151631664655,2.6021115248753626,93.89150390760204,1
2.267143359619043,41.74182252480471,19693.05974340079,0.7285454202632493,93.97909274757646,0
2.3225179201024684,46.971237419458525,5694.328343396559,0.37757221100846905,93.52892125230034,0
2.4281758667148643,-1.175591144257723,4608.166178992042,0.16855189953437555,61.93981056907697,1
0.685111629335226,45.59525750968967,11991.182067326747,1.9617173512854715,72.56196720904941,1
1.3961643213606816,19.52697758477229,456.3471966266043,1.8605727046574643,99.24948280704376,0
0.7896726488128243,5.494663297937501,18749.029598755635,1.6854224968708031,88.60062381549952,1
2.657758564688984,17.54814537429568,14658.6253603888,0.7726465787363287,51.35837106127799,1
2.058245317068895,48.80195451712862,-2764.724942193512,1.2336273881259925,53.2602295630246,1
1.327245062131623,19.557085639572175,5439.519394623208,1.8239813720399018,73.19656884061664,0
0.6588958757150591,9.725096617250493,16977.957689054118,1.5406238906915912,95.461010293078,1
1.2774558042891555,28.004051259003546,18618.300557285256,2.964578008623173,76.93508989763572,1
1.3129583050668676,4.408737126691584,6685.037781246743,0.4956752824145261,74.89062540171452,0
2.32401544584516,-5.448200313480164,10335.284730267693,2.115919206738022,55.27368499783153,1
2.093893678388033,-2.2672166853610465,-824.151347698119,1.2725244275024472,82.8390052362147,1
2.7180318564408164,-2.317249662533653,19779.215653424413,1.3417788832842827,91.10515803001127,1
1.6805373129048733,-0.8858383892623394,791.7925345860849,2.181033520408711,69.02100037537812,1
0.7989856148457543,-1.6703696410353928,18568.29435337814,2.108064838840672,88.78059254626638,1
2.2831119680574874,28.452484688192875,11241.16622480921,2.9746423817363463,98.22383269504058,1
2.4019626215422436,0.9128050639486887,10193.419871971479,0.4723434394169632,60.188322956384454,0
1.9031929939237406,10.740036999431794,7817.212775412714,0.40191798321408234,76.16648155973706,0
2.4274179498864026,43.80730459436071,766.7452929439669,2.200582569673349,64.35689790422877,1
1.7344889909109769,18.437698415772342,-586.7991998622938,1.7773220593185863,89.64272095169197,1
1.8068320734549852,30.053464311261628,512.1552267543839,0.895065933023437,78.87966829405788,0
1.568852545896374,0.33919227209779024,-339.04344639363717,0.33031617006806113,81.72912087751519,1
0.5635478168602379,1.5373411285202465,14489.611839168832,0.34840892382964855,89.8957079807947,1
0.7697285674832611,-7.547883024011268,3753.1314791682526,2.693153536525943,69.79852363312274,1
0.5785729642168356,0.13610378432987247,-3553.933085915091,0.6564152416843544,95.75450342035217,1
2.091026028159451,6.715420341917518,19227.565753520284,1.0377775301350103,76.65144336230699,0
1.2858899526908167,0.6206290566048089,17094.64712408564,0.7573035664582652,57.8977411417674,1
1.771426727911757,-4.677847974576663,18193.807079880324,1.1294892869126183,84.79495590844013,1
2.7689161848152324,-2.7618477339639513,19872.69556616088,0.3013291439636708,89.66306752191272,1
1.1232305728721874,17.646726081963546,-652.6187695128174,1.605273393633984,65.83808385337633,1
1.5259573075890742,2.3800231043475506,4906.050472566469,0.2960764344174232,92.85896284993765,0
2.3888778463576217,11.856191662884527,13955.961892602281,2.4210338726848484,95.30716273828833,1
1.0719954137290562,20.205036251291414,12400.515451344807,0.7777650375402557,63.84522436889045,0
0.6924497745719824,31.423689717761917,-1152.6023415036234,1.6660345523530808,99.1760736357611,1
1.2243786322844201,-7.641271609534064,15395.828124765445,2.652229353928229,57.03557640243792,1
0.903053218135011,37.96462393454256,611.0142959165169,1.9875443702368631,60.1007834201245,1
2.8242441308564326,27.674023369454467,595.4403705655768,1.6455775809988724,59.21124196190131,1
2.5203009489110424,-5.0944580830676855,8424.36057233534,1.0405678840345893,94.69948550039352,1
2.083509391276059,42.414717446406634,9823.498371042579,1.065705547868774,82.7146276162481,0
2.6786514754692945,45.25234403190879,9502.155195945279,2.041512170074751,57.60521416111364,1
2.5091801922477863,-6.3353224087081745,-2712.829065056128,2.983004147541386,72.01617091841744,1
0.9664251472150895,6.612658888832222,16936.52156575951,2.019333650563198,80.76490125349011,1
2.7313974962249445,38.37207678758368,1640.0010647176514,1.7175719103730722,54.173204249469165,1
1.8483556047891267,34.8955814230195,-1762.1269679298957,2.218886479693814,94.12081842036693,1
2.518600387910156,1.0712611613826404,17218.70199672443,1.4490962756227828,90.18017677207675,0
2.740228249808733,2.560959400202618,18891.287455743834,0.2744127935422771,75.26033867883191,0
1.2950086874296596,12.22832616748292,16553.190431636267,1.7306607660459385,98.35633076295852,0
0.7751298113191919,19.07137911146128,15237.901868121953,2.8771133250656025,70.88804896375498,1
1.0698379063548542,27.095286291817757,11381.049515975543,0.6083785328372129,99.20551595182489,0
1.5677694715656407,12.134818374186345,8771.434265228483,2.1010141833799305,83.39599994018135,1
2.5450369148062326,17.752082967988873,-2825.3310022147466,0.6827076971112638,81.73356366269707,1
2.6518264581408584,34.84825628802539,5211.330326767467,1.6539002849719358,58.29774476478925,1
0.5173803263279768,-7.799007826564126,4317.212925307849,0.38036170397548685,94.0963879152322,1
1.7768682564439144,5.146216660641246,1493.8445940081556,1.4060757151487369,71.37448439603077,0
1.5435275078719475,32.800975153073146,13085.502842214624,2.2928736537962138,58.111670289123964,1
1.0552695261768257,43.71241026123196,7396.89337696927,1.107957420293048,50.630375998787954,1
0.7996634183342071,20.700646526939966,-2973.8446023088018,2.0282440010129323,77.98778418191912,1
1.3440379285090698,21.92680911591894,504.5800487452834,2.4068048862902147,76.36998110613382,1
2.857274259781298,-3.569679319613437,12081.469091489897,2.7888156764904126,85.96768111845793,1
1.308007330051888,16.844742009407277,-3096.7285127424957,0.7804620373808152,94.51290265089011,1
1.7969765543584153,21.95703598730139,16280.172851219217,1.2580161558469936,53.97032923215148,1
2.2575473972379445,4.548230218083781,7378.663175349358,0.5420064386582105,86.57482451701811,0
1.409074005948235,6.154593856962858,7014.664433166199,2.978202156259288,59.37059720487911,1
2.929455206802402,12.637049786277359,9810.19461648794,2.7883028069804565,92.9088526578582,1
2.906118237355278,-8.795728133336418,15617.02414812873,1.6658756778136228,90.95317569308281,1
1.1294557395634104,9.324749934990699,3695.230197554827,2.541896553691622,77.03968774927722,1
1.7431212647309637,2.686880419792679,11950.403813976587,1.6107781340889225,85.51213993116558,0
1.252195774541924,9.64984113067488,9143.299099894777,1.908398495208003,65.71750565918742,0
1.2121012359436691,-2.814272090844927,1675.7067542355335,0.35846085313644815,73.55839494664073,1
0.592217368386332,43.431636844393694,16965.74965887895,2.290284219440743,91.08184488552358,1
2.023910834949742,25.61554721324292,14935.650540173203,0.470369102542181,72.96325985866069,0
1.7566975580721538,30.74613914866938,11461.295866460638,2.495596127732332,67.88991326627209,1
0.6286968781249733,37.3502743164403,16264.543227356047,2.3678814542441193,74.710622362515,1
1.1966161605915286,19.906531935743438,16682.35502399506,2.1553596234546317,91.41246262186093,1
2.7706647149166344,-4.784782714754579,12709.074417875869,0.20486510352181014,66.76040236854364,1
1.098904726667431,22.22639250911287,15925.333209091801,0.9790722322414529,58.68807965678719,1
0.8622371802280577,25.210467081252744,12436.78654173209,0.8630264527414443,85.60070101653903,1
1.7236319006939076,34.7263684510598,12003.51929400751,1.1443955816674054,91.2989106354041,0
2.964126135276502,15.899572773780765,10465.284455379608,0.35416396561513175,55.031873926176665,1
1.105138178778751,-2.3451818322661744,13817.91598894103,2.817177686790082,61.993705637797234,1
2.1803388685146965,7.026554347923469,-1034.8723676731574,1.7060264980658912,57.09859948804969,1
2.404049038321794,11.784937783918107,17021.76897997321,0.9860205009082682,67.39707057910833,0
1.0940938599809993,28.755034479896075,16796.0881936308,1.251246399515422,72.51754894527063,0
2.3205408715296487,24.246698280134716,-4268.817924136021,1.3968873674640234,87.44131684816531,1
1.419457831798133,11.365803553870776,15645.418764119066,1.8417235667457903,82.5573792440837,0
2.080764576483949,49.19091492757878,-1778.2533131638702,1.5954703403198436,81.04642837392156,1
2.083824276902237,26.34648916141323,3377.971356478547,2.7662367223218105,67.61874733048272,1
1.8394367101868963,4.233607504159668,13587.706407290196,1.5411941004269079,92.072377654238,0
0.7257244251360208,-3.8930516427757755,-981.002598792295,2.977258242987607,73.56435836990823,1
2.588256238973095,-0.828451648940078,15449.175602976557,2.5691323774607775,98.95524690075773,1
1.3019501624293395,4.7574637030704885,15803.354448943548,0.7046804916362738,81.70710691478683,0
0.9662962759996356,-0.3591176044266593,7686.693344020905,2.798726122467357,56.313237078225136,1
0.6019378538869098,1.194021443078345,-4840.353207079161,0.4374625538678807,83.80887810377169,1
1.9772323579706046,7.105710121630825,2175.953329372819,2.4706041546244557,66.25520077158495,1
2.193910904605706,0.4024157176852903,10423.172959393554,1.2038075510820823,84.31635983430488,0
0.5414695723196403,43.80592547758551,19529.654450685586,2.6461255292907016,53.48205740812028,1
1.7802326457482025,-5.1859752603014675,10795.33817541671,2.617364401311606,58.744071858797966,1
1.0662394379948448,21.47068337421528,1495.0895266039952,2.4371836603411015,92.78686294528931,1
2.1129319760236247,14.623809619379692,10850.142577490284,2.391088265290478,61.358977851175744,1
0.9359160725124787,48.94271701451638,8499.634492896386,0.9835695033843183,91.852056262147,1
2.227344345256165,-3.2776658699168593,14496.13487877859,0.33466592084863134,63.96380442272052,1
1.4668383657513435,13.871335942744498,-2325.48402932604,1.2686425184189682,82.14409550293539,1
2.8418249718418362,48.16822599652213,14025.6975625507,0.6032210934608752,84.70752867549155,0
0.8438023603649831,41.930427553638815,8531.664466902757,2.115358157817139,75.63273765725265,1
1.3526658776256464,39.024324256956795,19074.800096474864,1.103689206959578,65.26553383483656,0
0.7836838031014727,5.47416962269639,3546.804150967153,2.9292695824937534,60.632218818554804,1
2.811734045696407,0.2532552434039488,10815.547328348703,1.958819024301463,51.659467728121314,1
2.6933483834524523,30.118593195465863,18300.702637750437,2.485193634539647,65.1973200620362,1
1.144854069287889,45.76255934765515,-2437.2568002330186,0.4843215509513604,82.65813952656416,1
2.1499601150854475,23.405773580835785,18430.71218091128,2.5998419985906054,96.91524092242413,1
2.5430555005030397,24.29676136819399,12197.143057520334,2.7759958524888435,93.5602241131526,1
1.8880020289986559,6.798745619617051,-3304.0735223707024,1.512479564574914,88.30323882676512,1
1.8241264458900162,36.16957599151621,2524.089173670406,1.8581335194778346,89.42236716266493,0
1.1046307272511293,1.2226249134514013,12704.30221613204,2.3179484226186866,83.24924517379976,1
0.7327569195147481,9.42075418425462,-3316.2349632807072,0.6070320190551963,63.01434287830015,1
2.7430393948833167,15.526186316985008,9554.261504406832,1.557441621743983,95.3597515352915,0
2.751045142908326,20.4566227210673,3647.076423823919,1.2561227805397082,83.53661559529169,0
2.08275364318317,4.544583944904815,10522.887944186929,0.5244845772705224,78.02203154902199,0
1.3475744776217518,-3.109790515647788,-3856.4491546871786,1.1658498246454412,55.54947346067405,1
1.3730239365316521,26.637202546497953,16788.420153809406,0.2976996972179313,72.35277719032126,0
2.3148891971755985,7.317833194415346,19337.224229434923,0.17485453015351227,73.01791356009632,0
2.742775649881443,24.874293285356735,19221.946382142287,0.49198223854898604,93.2281804761335,0
2.7177160606627933,-0.7382370835478618,13741.295793573117,2.893033823608604,77.33241100938943,1
2.4496888646440595,18.868406111289048,-1747.8439967342006,1.6936356540955493,69.02002744852048,1
2.1050791153857196,21.955365953095153,13956.579898225566,2.900884267344338,98.84001642553297,1
0.710349912487622,-6.8905877906543855,-4385.327088529963,1.3542438471573828,55.536029666315784,1
0.9040717852365344,10.196256691635234,-4446.911211775068,1.0042667859472527,71.12742141559723,1
2.7463854713176983,-1.9351193836615455,3090.2554787385316,1.567811402236708,52.10123375857027,1
2.016072649148975,-6.197501771633935,7216.079760116643,1.3745838970354394,86.99520603834651,1
0.5229926290415741,49.39761394339671,14260.185445194831,0.40642758435905735,95.90382760995753,1
0.7536788571650803,9.341230698483379,12082.384415162629,1.9583963126015982,64.00186647752447,1
2.1587544227701394,38.59246675127809,6147.567659418708,0.7265107292778388,92.91708383995604,0
0.5126539596155467,5.278439285825831,1840.6666570416473,1.8968050692037057,64.61091152309488,1
0.9020201285437466,30.89016333343576,19928.11250394278,1.9855831679546447,95.53850808219576,1
1.8718344734164654,35.61367159338119,5654.5325558993245,0.5408720740730795,87.6980951798392,0
2.229737994231733,25.738324436470656,6284.675608241887,0.27791391862093767,90.24533884207193,0
2.1299031487565014,18.294571313009502,-909.4044702082706,2.3642085995984754,50.90032778002273,1
1.0606732736513995,14.710454848836111,14870.238718748235,1.4334212289310286,98.1405178537013,0
2.28044805336884,10.932095992579718,12342.055644537217,0.26867500696587976,86.33354960351616,0
1.0931227187420003,45.77174865486955,519.2403197190097,2.9851123197923246,65.23755476930667,1
1.3134992453981693,39.83716446726375,-2940.4738596039324,0.2675636268894632,91.46973324294234,1
2.36622851279506,47.901614639990754,12012.482551867826,2.1156021636898044,64.0760599207465,1
2.1240822476180368,-2.542166590867316,11362.780357028381,2.9526688832638994,93.6376919783064,1
2.623058526235445,33.85204851221866,1831.4881749552333,0.7936223022261842,55.62901952059685,1
2.1440322307508586,46.30042740926227,18771.589056260258,0.5125231691928689,85.18429887303978,0
1.920771508338679,0.8739839699396086,-1223.5527054774943,0.4520163243250438,77.03492383224551,1
0.7341869195702312,-6.01022395799335,5808.370026065048,0.9794979279460271,54.82672350977204,1
1.4192895076485839,34.467238957403545,18590.39800418997,0.39303285193087545,62.09469141294195,0
1.1630059192043136,24.46838679079471,5493.182923153057,2.1072678909129827,50.62020181386574,1
1.1099741084477088,40.509726605496326,10963.148691602139,0.2806462145771818,73.43839827322529,0
2.932526386881114,-1.6136574024226302,4939.859949069856,1.5773241716343902,65.06326303800002,1
1.482744311666901,37.71603871159341,1855.3800587167507,2.9904208761736326,79.91787421488795,1
2.7301163879427834,2.0976392028646718,19599.441198995704,2.4605137815674545,64.86189038543085,1
2.0778465649931572,-0.1806434280577296,5233.350157876075,1.8841363708699317,64.99595557534923,1
2.487028258854121,-0.14405212414042268,17352.48009197836,0.9881355002811738,87.15965993658017,1
1.7565927327629802,38.874483213882925,748.8651472771544,1.9092979252457516,52.40714179891767,1
1.9422597115658977,29.91183324177201,327.61760062708254,1.6284202453437897,95.14474975959936,0
1.7312942345471598,21.38392548614716,-4221.647927887216,1.3356418132820773,92.61319371955906,1
0.9881074694951113,11.52982904741015,11291.670634397125,0.47906009254657844,83.39023416132034,1
2.3061302881537635,42.6320324487865,4213.158593094029,2.6711522241973533,79.66107850536922,1
1.2019309061021395,13.546706445358122,16608.956245990925,1.4043754815818354,94.61512490698262,0
0.5607899160786346,38.995966368294624,6830.24766728893,0.6644052842802186,59.26650897643572,1
2.1136807397679194,16.348094514213106,19204.835697868042,1.16650211754414,53.948458109541434,1
0.9427766985176224,12.616665765494453,-361.8621074219709,1.3009762823338884,61.9755084954769,1
2.8511464608822856,17.760787140176387,16715.57919889027,2.4998598971439354,89.72891393500952,1
2.8848214425064684,8.082672449848523,14414.921319793542,2.227481703628066,51.733513336324165,1
2.7871609755511213,34.85656281057507,14273.0461161013,2.3309841915598852,79.14034175417449,1
1.425396750638611,20.16322340554875,16119.58070292219,0.13199066684307692,99.7718758095655,0
0.5386415413221686,3.932761708809039,14025.599773574973,1.3068465947213084,92.78480469187697,1
2.8207964064693134,43.97447439647411,10655.508040785384,1.4958980397424386,76.07228445217947,0
1.5704603707932858,13.033473282392684,-1718.8780579403106,0.15565760278686439,53.18204546433212,1
2.916637047609174,22.613171666839314,-4186.845512718703,0.8534583053605992,91.5686757192855,1
2.909049942723132,44.38832665787282,18021.19619539217,2.3048404870541916,79.94892540886053,1
2.6325236386684003,27.454279754839526,10416.25786301845,0.4976181466140972,55.746649852978344,1
1.2361222301739643,-2.986117557498156,14913.432274404408,1.6523993812125157,54.69286424116781,1
1.4627443215048133,46.389927416808504,7038.058787813752,0.7240854288499887,95.48134097182961,0
2.627841678792142,27.662483184285072,-2067.2952759401383,0.13515024646729049,83.46001314690392,1
1.292305012890694,10.094336879425168,-1870.355194936239,0.7994842270386703,91.46433996583778,1
0.9237318667152312,-1.643675640196765,12139.132180724286,2.930033889239156,93.94894501411336,1
1.8920031561458754,37.641511356217755,5757.647372486568,2.4244576244606697,78.58861760241611,1
2.8403869354019524,27.204365355710813,13.118167508418082,2.8827722685309967,75.87231758775206,1
2.2400744916874324,22.007665518579294,7289.8636685359215,1.5147767273864512,71.5213705160495,0
1.9251529252234123,43.63355498305746,-3394.7765731216477,0.41823497616476013,65.84732938955597,1
0.7429412344269213,37.315832673471846,9549.28504785997,1.6890825180237097,71.72979804293558,1
2.0375180667479245,-0.8995072160349302,1724.8351108774414,1.4176942702238866,88.69398278650782,1
2.975134625260658,8.703324067732893,14938.977515929702,2.548635539944886,80.09617155075658,1
0.85021003809131,4.909348388867944,2759.048973089344,0.3844394842743093,94.62616449774231,1
1.795824130909342,34.63677755436062,6380.50372704503,1.5158992973631569,72.16900071895938,0
2.6934326798198884,-7.9880539158532375,-4709.486502297485,0.5351411276125544,80.35447893593769,1
2.351921544385511,24.19338109227899,-3188.827805136028,1.041560187981174,81.56537765459944,1
2.24253935248817,35.747521144441436,4812.33891016712,2.238335524424619,79.58485811531628,1
2.256210209967773,42.605938205704966,6998.470867928088,1.480452575169423,85.13168865427582,0
1.398727878049388,10.524904922954448,10000.513702982593,1.190076026922731,61.871673418740315,0
1.2339796106612333,39.27543828032077,2291.564467732581,1.2439812078531025,75.61818887728953,0
2.523402888696284,-3.3620957826875664,12374.547153163563,1.4323956283773613,55.21124014041738,1
2.525283486697952,40.78713750407109,16503.059929730116,2.376547977127465,69.22556638224063,1
2.6676807964502594,-2.350680260081055,14496.274722333746,2.6870455979266796,74.38335343106323,1
2.7831013813911785,13.837237433622036,-4009.5293662910713,2.870470590861392,82.61121297727362,1
1.7783559971523446,37.837721946773215,7012.673681445724,2.3820198201403557,97.52655262931017,1
1.753790736717999,-1.0049543590735723,-2376.745539545628,1.0146799976692369,80.03255332741779,1
2.495737947416938,3.7550837139584896,1051.1253965631868,2.095590647650972,87.17969580882799,1
2.124909826944413,33.335154103583974,19666.56483167866,1.3690490597606366,75.31330297476013,0
2.2549171931442586,33.202192192764464,-1437.611427462169,0.8385448039335484,81.70520156881656,1
2.4894816735902525,28.468857973117835,7472.203836283901,2.5385275803351757,53.54661080668867,1
2.7250133545439157,31.636906668026,10453.893357952977,0.21143641199074248,62.71957904209235,0
1.3449878921288394,22.56346660085577,12561.6242636026,2.7151097771927284,68.09265466025693,1
1.43895738159986,5.107943534417165,8991.217087172852,1.438284647411729,73.62466775032567,0
0.7349548496021725,10.741759610235167,-4755.728814520408,1.9478842827440133,52.282437275119186,1
1.945700352490435,0.8958630080855396,3161.532706099797,2.01212637439677,57.001204877665884,1
0.5898556844918552,44.5070336800177,7942.791084617786,2.6958414480489554,63.84071538956529,1
1.6639950453311503,25.00350768596723,-2803.337521379166,1.9463420782849012,98.57663454505254,1
1.8566115867689414,14.051085005818393,3765.673280229519,1.8804073958041791,66.56735035515254,0
1.216353130320711,17.72034821864796,-4169.922280215836,0.2932909176260009,74.10205290560413,1
1.9770831514225269,46.83700037670892,-3035.5375711244815,1.6033832636410918,59.80488563691965,1
0.5762506248476236,-0.7989158130351885,4923.081905039902,0.5354901023694207,80.5390035537884,1
0.593370471873036,25.17378992100783,-1682.1061489234912,2.238557929292308,64.03416077579871,1
2.556501401649146,20.35332073306796,9188.521206538953,1.585443570356756,60.34962892192134,0
1.4004766035281573,26.68725412607887,12236.624228431643,2.0726605597042247,75.82863142229895,1
0.8176512816297119,-8.913388970749569,15014.667477727071,0.22085141174691436,50.27528995802104,1
1.805608150137011,42.327434536649086,3.756106120252298,0.34589684653282937,50.383201632461265,1
2.424983882746527,45.92709694901674,-812.9354435232563,2.1773378253817786,60.95344045509289,1
1.0395525687421079,23.907991015352536,-2385.8039916399935,0.30904457439615274,51.83606812504106,1
2.0572261895475004,31.799049432613536,10910.756238590917,0.3066445105192499,55.40128770653457,1
0.71336866248442,45.34996287063774,12661.893162172528,0.13511457818117362,66.94303246693758,1
0.6292043029215193,32.43431805880392,-4210.346379358949,2.873854055068492,90.12928397899064,1
1.82838657892037,-0.8476574251443196,18405.306156092247,2.2387742424311203,78.60243216846504,1
1.8515878040252662,24.57730161000879,-3700.71790871319,1.1244290846559861,75.63338629782082,1
2.0935747537455165,26.402902782971353,8532.40838252676,0.9599531857342001,64.67444116040608,0
2.3152283343066538,15.447840278143161,12726.512986272912,1.1141393662629637,96.58768597164081,0
2.9396301986563365,34.18665413748337,16774.22809365214,2.3464952404254276,69.85075206185958,1
1.7907508707529882,46.06202088614089,12852.173303310694,2.0179747721042016,54.35463833978857,1
1.3073911823531148,45.53411077440658,15043.202076744794,0.637067146815657,80.85332580589007,0
2.487965486921759,17.050362284247925,3486.254813570151,0.6049170724688445,55.69191967383007,1
1.1770806281551855,-3.2057172495546844,15370.627843662805,0.38534738416885217,67.2611571400846,1
1.5974285517640903,49.09047193774008,-2997.1288403831213,2.0148778871338804,75.37059693589045,1
0.6961409533556648,40.33388518675605,17370.41640151319,2.3166807204430344,93.71112623425878,1
0.5633768585386438,-2.5202391278039897,8689.809403843406,0.8686346421425116,74.67732901700593,1
2.906621036694813,45.25051295704234,15432.444249062344,0.16074038698964715,85.11293830158321,0
2.5899503012805147,42.193781723727696,6307.957112957503,0.3382978356816393,99.64084194995351,0
2.239935515234245,21.130283427564326,11089.442379913124,2.9067941010505884,56.57445599489908,1
1.5223823610356746,25.476526144695754,8160.066523402831,0.9567898546845187,63.73657627597598,0
0.9332358001771144,13.940162232207815,13289.738043883295,2.3307471287305876,69.72880377988233,1
0.8910926066777152,-6.71430167067812,-2959.250449235261,1.911524349677365,71.09140892694157,1
1.1256072454114883,10.111834498754057,-3491.197900235905,1.2076249549933982,70.55105376327728,1
1.8730666617653011,38.17120691588069,1177.580850253661,0.6964930603671098,95.38055012782775,0
2.286489806750156,-9.722078619723828,-1011.3829971702917,0.45202061266227866,85.70163222334281,1
2.150493441794328,10.009950301468649,16794.589164805042,1.8835376073127132,80.39526070453519,0
1.1998347423648572,13.8901216154566,480.3496839511081,2.3464379638495854,65.46863589313911,1
2.887163201657985,22.24373617627537,19396.63139547828,1.967322335269279,91.18951921106473,0
2.344742291739421,45.19133698476563,3422.3947942776704,1.637876186422559,97.75302557424945,0
1.8858851312785017,10.780759661957674,-447.05210778251785,0.22165854795174517,91.05991412751132,1
2.0293018655858805,10.817192113773661,14742.462678561977,2.908617455023713,50.078255259573645,1
1.5490001560694748,34.250074886584905,11467.694387521904,2.4162711557982663,81.82006850917035,1
1.1193274737528935,17.13307645338843,7454.892911328474,0.9491839064327977,52.556769072105034,1
1.389931696628154,3.476289376398917,8884.08877344078,2.941913955140667,62.880361016686095,1
2.3946152761609225,17.146370967961605,12980.044456806594,1.8454566099453342,52.97623501738858,1
0.5359837215743897,-1.5485787772120077,711.368533282468,1.7890257088010149,80.18977264746938,1
0.7901816012672906,0.5832191903733985,19908.347901418547,2.269412220345643,84.32949567463034,1
0.6150066050543819,19.902066364368785,19369.82905366958,2.454132385461399,55.72438190329525,1
0.6018220057974253,15.135526970272874,11258.142158673421,2.0037879612613576,69.19194415224898,1
2.638651460027518,44.890754064086,-11.438726771371876,0.47147766446198003,72.8118254477771,1
2.259144648450059,11.743633946997988,12005.706060782282,1.0809757673840454,68.45265108804583,0
1.685434572718313,24.835301016682607,-3195.039775520604,2.7914425569455443,56.05125002425965,1
0.7445854016275038,27.93585727517182,-4233.687444854849,0.7513852743471705,70.94738950937378,1
1.7290396877920808,-9.214332604699981,1442.072212780342,1.1792843691287886,87.55890239042091,1
1.6836794269514141,29.812242321002635,6565.573918482907,1.3530229605381685,53.550383226662774,1
0.933004674775038,0.6821580121850861,16706.812635209513,1.3742744701139114,54.00900070409517,1
1.5846291230949325,47.66421904816731,13179.226744157699,1.877524789234124,67.73856459179922,0
1.4962618359934337,-1.0802363348132218,13567.663029999527,2.834919929459652,97.08628558094625,1
2.039625245130541,14.877447423621422,5637.333361201883,0.7980088643142643,83.42863233614571,0
2.087734127169109,-4.8790199152813685,3648.3748136740724,0.4523539912726624,83.93349783362824,1
0.6132600244301113,49.812455110756844,4275.969074615068,0.6726644205938181,68.09599954189325,1
1.4365315365661782,20.131700619874554,19691.239093401447,2.672082210606882,79.68303956042692,1
2.064649789285591,25.723101039202625,-3997.270214687938,1.9728513567000974,50.50655920138717,1
1.7578406464502192,-5.975411356694352,16675.787403061215,0.9291296887935643,81.80480232047711,1
2.6412246029708055,34.99762822395067,9466.885214309836,2.46624612300899,95.66434737881184,1
2.146734079047363,2.594335585735145,5965.385479739762,2.5979729894539645,80.62867341724096,1
0.9073360677035742,43.88325736644283,13131.441510378412,2.5548915822018063,93.68492967331724,1
0.6764218685010746,2.308378428920431,7166.7235356175715,2.7648869475547078,86.19865277330469,1
2.106048195515789,1.4412632398199943,16835.580952041513,0.8314989585027486,56.02792082018451,1
0.5662782763540546,-7.807019929114308,17517.546600281465,2.289621593364207,95.12266536429209,1
1.9644389531836581,18.324016706599956,5543.023171836385,1.435564542095006,53.322192217788746,1
2.850575603562394,23.890467995756985,1920.6949308762896,2.5417958033811785,76.6983736273882,1
1.9386854446896975,-6.057481634298858,9808.758214834055,2.2126229637686783,57.10685618967288,1
1.4704248155163047,36.53165700170064,17809.083640417273,2.3516975948492016,50.5853305365452,1
2.108220546105883,17.197330084881656,266.5547251416647,2.002869329275107,71.10171300638194,1
1.6456322262287917,21.463416159654802,10574.16458908707,0.6145434314621498,64.75203538270782,0
1.8640419732898375,16.44576481629369,10789.005502313013,1.6805780648011213,74.30002468988015,0
2.8536620219413127,14.04578365251956,13327.825560382025,2.955542244621074,78.85999433672754,1
1.4652565945019356,23.578419878493072,-1710.8078718185047,2.818425392841645,52.186953615447365,1
2.9029764095597854,-0.6855852441572488,12895.624117052215,0.22520383381133385,56.15016475618728,1
2.7633766048901593,0.9156878297162674,17725.813016641026,0.5779629656153676,77.93211982252127,0
0.9894778369732411,41.70713726081104,-507.92227824395104,0.48201344301822957,67.15836765863291,1
0.6734032521879136,46.76692772801796,938.5831230969407,2.205341738957357,86.45867437747239,1
0.7519450034435666,12.398558976785175,19284.87735104099,2.4715774565851407,82.614582429597,1
0.5455545641288744,6.244680388613226,-475.57618226275554,0.7191829623009485,92.28021814949534,1
0.736107401889821,28.639972594340946,16359.627334239478,1.5669728095603042,84.62464133346126,1
2.207516933540892,14.524050265885784,7306.94641120087,2.53803878123248,71.49655386950741,1
0.6779716211505724,-8.476818660379308,1180.7768600794261,2.2251244798221266,83.64833111972162,1
1.2974390757344032,-0.6308441580285784,16768.747531812784,1.67248789592636,63.76905871277093,1
2.6121882774236362,32.958333730843854,6132.631375066638,1.8120083023304414,65.31567493891063,0
0.5581798393395647,29.53543651460908,7870.433848242255,1.574245586057212,89.44925799603966,1
2.5361712064723396,-8.37424044979099,3980.834234994143,0.9628905088245796,72.32097582007911,1
1.2046369369335,3.318329715976967,9823.771285873187,1.7385637792911468,89.91901702591763,0
0.7954120690541406,3.8644877952842833,-911.9031853744309,2.097767375945263,91.12111868341393,1
2.241842913410377,30.313564615923703,4777.038416294017,2.632636455996342,92.8781168830642,1
2.0723571169497097,-8.81736773473815,19235.308058382187,1.9452449265398195,95.83176179206036,1
2.6936800338176323,-3.7534850809255698,1453.3358175281883,2.3072524574251583,71.5492610256648,1
2.3376776095097145,37.99496512239136,11418.416613532307,0.5642077413682617,65.94334091605694,0
2.5087023259621213,0.7126797232600168,3129.7516056173718,1.4385166758173908,79.1099373297057,0
1.205086431428266,29.16476647111248,14336.828142165017,0.12706169749857057,68.55862117188138,0
0.943598859449307,4.290966862803591,-1728.1584820412545,0.8153687071127067,80.05370834001165,1
2.376536879102146,-4.03351643443929,19245.526126963618,2.206738973827714,85.27929313219123,1
2.51708684816816,4.590331459967246,6344.738534590981,2.976248858913154,84.42025092460685,1
2.9762628550016834,33.33601591133955,901.2615836615987,0.3876164888029261,68.72764435100606,0
1.5315441922785662,41.34178808637714,-3162.5813167496835,1.264333515997736,58.34301008493764,1
1.430045214481958,39.813191874019495,-756.0523728114813,2.4202058092275625,71.52646692311038,1
2.441032401854992,13.831011777107289,7994.348713900441,0.6917033404238067,57.12970720409544,1
1.3520088506325445,30.08510819423877,3425.0794107821566,1.7097463529766301,94.50485175919042,0
2.826893314008912,2.2990577249492574,15722.084147065238,2.225906758486057,67.29387303689288,1
2.6460318796075297,7.588863815660794,5772.188091545149,1.8863578057545192,57.72298736116619,1
1.5724850684375458,43.780149111267185,1217.8568146907473,0.6452717303847068,51.272387995287545,1
2.377177669478743,-9.219884589355837,10428.624665100751,1.1306152491886443,82.29111931432422,1
2.386357185211706,-4.869488148731915,12669.430422136145,2.372996175007652,81.84511587273715,1
0.7578096720898315,2.4731753087616397,-823.9523024762539,1.7072568909828483,67.03020832906458,1
2.7563822666989166,-8.408067767570817,-809.5195927920586,0.11516587927444694,53.58559444238255,1
1.7631309311196428,0.886126105387838,-4083.2143266614257,2.306873204081472,70.4814447447616,1
2.566143665269354,24.982493658181532,13410.050376641011,0.2024029293266933,65.56087475316968,0
1.3001240025765295,15.285473035549877,11595.113190545126,2.2626279699205734,83.85603198675047,1
2.738808071240501,43.56030266461849,6865.7718937453465,0.6871936244791884,80.28896247263452,0
1.4730041968354077,39.04661370430645,16104.26122422993,2.878413092346203,68.229686409877,1
0.5270941287007459,10.509041101872558,15141.753823751329,1.167028178776045,60.894627712749504,1
2.7634549410481593,5.5654060058775485,9633.859109918803,1.0481016873804294,99.40179830777959,0
0.7282166919653339,12.781544490036016,16706.782012831467,0.5317753459640896,72.70008105980574,1
1.2982840939760372,25.417696550888465,146.03025091920608,0.9862522249216231,84.41371178901186,0
2.8751549176270124,6.0838184493725755,-2202.009515056803,2.6422872093017817,57.02764837891804,1
2.8765178673438903,27.44893447094804,1743.7402879247402,2.989369579119017,74.27948498296989,1
1.9335947203082153,14.564699131474427,-3572.8285977671285,1.1680976384698603,51.37683599347327,1
2.079593030424498,23.122830851118813,8279.2382000258,1.4009708297681736,75.2727558955225,0
1.6211138049457994,16.167591748119,18415.142307374037,2.1940057207879375,98.20087035588512,1
1.2330269292451614,7.667945572515059,-4016.4114832872588,2.669967763348716,69.21033564929002,1
1.32166136342479,46.907198417729404,-1947.2521497493299,1.819828569141674,51.94980062874558,1
2.181296140192596,35.81634764958565,6304.975707085881,1.2354245247157052,51.54778954596718,1
2.3809363235942,-1.5932094540128467,18346.87543819762,1.296603338461009,69.39933799734348,1
2.478947609314621,42.10807855387477,2903.9026244187626,2.11729262484074,58.001246823159704,1
2.4740453569863847,19.24587189497082,7680.870217209811,0.10933296445240819,51.167604816409295,1
0.7280152576217259,43.67313361364548,-3960.6785237401973,1.896809078633538,87.81068069750884,1
1.7360507617564536,37.99131535683891,-1291.4199759477783,1.1309297302799366,72.92615044409453,1
0.6438969000416107,15.512810268154006,19665.753073971173,2.403172260703544,64.46223859863272,1
1.8738222058093388,-8.651841500792957,19127.96741090114,0.3696728554870833,95.00415915082404,1
1.6038262534334424,6.120641563096765,-4876.50047663976,1.8057865741503325,55.80694801002628,1
2.7192604568957495,22.498052879652015,18795.294635580973,1.494821380669759,97.79594144776595,0
1.3772875313801967,28.008693189568838,10977.99844538751,1.9627440251251596,65.69833586886764,0
0.7926675410690147,5.473261125992137,16697.957363000554,0.2880754240006082,94.42018361543407,1
0.8574792051320896,-1.638635555630552,6368.496390846478,1.7819529835415808,80.14714382397308,1
2.4037765792936807,40.09581420795795,7889.900714481257,1.728305305082619,91.33536798707436,0
2.0455451582906528,49.064130842213125,7221.164506423005,1.7259142738068958,99.2006581605232,0
0.7528066903069757,21.54141093816115,11671.606438652609,1.850114233129719,64.42027189093729,1
0.7102670152874936,0.3007571508982103,-1508.7186310921775,2.06175701795645,98.05677427037965,1
2.2524228286478,6.338439591162135,-4250.660253183051,2.4344680990742322,69.47409474512102,1
0.6819075159104838,-8.896559407151996,2698.2485397797727,0.8824800883718216,69.27559523684612,1
2.5546501482258908,44.85792839362994,12617.019068416168,2.49264328952218,67.01935521272529,1
2.2656055678912406,-2.934935026591532,46.33630307370913,1.5449414785640156,77.07038036737926,1
0.7033719516047494,24.590988530855213,11835.810833122934,0.32346900948956037,57.707252158924355,1
0.7120942852129798,6.44331324123236,19247.80115268176,0.2697976948075397,77.68557426790056,1
2.9665989462529385,23.250680150947602,-2652.48210526454,1.0692911242185763,77.0852406205002,1
1.4356769893903008,29.085223301111853,11815.052955628158,2.376201233623256,88.0950906302435,1
1.4266053676672272,39.784508222432095,6093.755482614279,2.1522747107486557,91.68249809687927,1
2.5319989181437563,2.385276305636193,16703.556359437633,2.3869833975499786,72.0220675156212,1
2.8681214434596467,-9.340250280491171,-571.255263815352,1.6000802636806672,65.11666246757468,1
2.965002659557177,-1.7868621958715636,12315.648805654113,1.3765770940709228,62.96674486585472,1
2.3834454631473543,44.00111851088631,15952.882241202755,0.5276123274482234,59.73119183524359,1
1.4406489638272895,42.43340465375091,18615.35548685058,1.0517589854670035,52.882379109951245,1
0.7087517917466719,25.844786130218495,12081.200707241147,1.3586561619042383,67.12239894173567,1
2.442867289818592,26.0310116260192,7429.3691002106825,0.35694124607088995,63.512384606539165,0
1.8960106243395125,29.902200472775327,10446.181005030347,0.7397746628625126,98.32086929332037,0
1.5605550231174408,0.5222767174069745,16722.624611967956,1.8348533527848425,77.8854413125022,0
2.76588596273684,44.86471675549759,9265.243665970742,2.2334230312936505,67.36385195152538,1
0.7779937057653783,15.126231493524386,-4240.323507579078,2.995207783039554,79.0233800496848,1
1.7315627607271478,12.988311694969848,18273.717387674445,2.806028660896317,56.95983506728477,1
0.5283841119185477,21.135062316970252,12238.168775789029,1.9634390786520555,72.20218746011014,1
1.6716516049853156,-7.182041993496697,11912.834644431161,1.3216193545528088,81.31171607105318,1
0.6407581892045934,-0.022997874635235505,391.87880994292937,1.944914357653875,74.44489158962257,1
0.7970447906701799,34.282016985582224,11472.136755816431,2.378389692432673,70.08894003271621,1
0.7938156169427621,-5.032079924492412,4846.610141353962,0.4431749536778232,99.6924194449849,1
2.123025755290159,26.189126567983294,11280.824426037301,1.288724180119236,94.01573810744635,0
2.3651121981635583,4.720946580879257,-2335.174242300232,2.53542662834329,81.17029790797201,1
1.958421912742899,13.357736842518591,11446.132615075901,1.2131155606058277,78.46886805911414,0
2.9054313711863546,7.321624206241992,19985.343144266662,1.758429586558841,81.0330239912292,0
1.4371764488092602,11.340362987896949,-3794.6990284860995,1.8045311465003748,60.065605391121665,1
1.214280215704652,33.14275431105473,19429.35460553293,0.6349811340875541,69.75688716321594,0
2.671497820473651,7.8273029373905025,5172.699018071766,1.1504827807916365,51.972976644544964,1
1.0589895962986315,23.984278417813833,16768.83625843148,1.0700827373516033,73.77730187434133,0
2.9080563486015283,18.56302413194598,14559.637101456836,0.1759704547429879,77.15122919788315,0
0.5303861867245409,29.820269921758886,9175.406524666694,0.17015611528493021,61.38748680516048,1
2.9246970667690975,46.20978435948548,13461.230231283163,2.511921426659743,98.20144235827568,1
0.6078997798764403,33.95432583261502,16962.889032533698,0.8919053489211559,95.4727305468621,1
2.727857784245178,2.8964227154454054,5103.508041275825,1.6024284220925649,86.1071617727953,0
1.8192527727157497,-8.12901189632292,3175.829039080967,0.9663041634074419,76.66933143826813,1
2.982411990298251,5.7358426579895045,11689.834639089619,2.8279698108344875,93.49845798238425,1
0.6844914118384972,25.70467584201529,15196.148548531466,0.8519606007107439,56.532617191173145,1
1.8846357110033019,-6.914451190944979,14057.128369415394,1.3460047569429119,89.52548971374425,1
2.9232563390477475,19.78197483207418,14945.341221465864,2.6309177264053454,56.24104069834242,1
1.807744610425372,25.810570935013352,5889.582870323326,2.541607343696245,89.71053312747027,1
2.073496595338156,10.05463344901765,15445.85540437554,0.6396941117542042,63.78837841256785,0
2.239371722461543,36.25473222474932,-1994.773615734789,2.42766559840756,93.85452905090945,1
1.636352661919433,-3.6041048119736914,8612.227449021238,1.4287419715398888,97.2021046912699,1
2.0688952002101586,-5.491733095851474,-4856.033487546961,1.5006097290475302,57.43979847025578,1
1.9607857798077506,33.6913253722162,3114.6457475067573,0.4870919200062369,73.13378025326968,0
2.7528950262274723,19.729478972371908,4161.538371784947,0.33374438989566146,99.04936890813426,0
0.6136159508536447,31.30414378566416,4904.317290231385,2.2110239902239193,74.17037179865733,1
1.2024079739805758,16.089640316224774,12386.680167246555,1.5397373418303693,93.17737612572725,0
2.876028710191397,4.784121994346409,4713.952531758643,1.3668670375840208,79.436576106566,0
2.7256594597272907,39.146139060451986,6217.340565563267,2.2155738630919504,68.76649539598009,1
1.6391418819642825,37.964952738138756,938.6032718581864,2.319987407074218,64.28917777629351,1
2.050331494503842,31.68178825126561,4331.294790733502,0.5608336862411253,60.16115455430436,0
1.1934529574528316,6.328708233797762,681.7406815787872,1.8696529334851597,88.08990956888486,0
0.9703028993094033,25.41384001214523,-3170.101905788909,0.492526838605288,69.3270253411514,1
1.6592460123499553,11.658433816401608,10086.214834534449,2.2789877494842323,75.56377311003756,1
1.383380570065132,-4.505075600401951,11705.319963875405,2.0051699531747045,74.6162740000591,1
1.9591402796271802,45.038814527734566,10487.258650240363,2.8741824011420283,78.86395146165657,1
0.694336592412462,-1.7908821448623158,6587.351095014308,0.29997824743362145,93.2788572812276,1
2.9359870191654163,47.01424122924814,4494.644504480746,0.26545869133863753,99.03696717917147,0
2.9655268611990073,16.760346377477344,16583.34123929563,0.9183425166102803,70.37921042869084,0
